{
  "primary": {
    "metric": "retention_7",
    "meanA": 0.19020134228187918,
    "meanB": 0.18200004396667327,
    "delta": -0.008201298315205913,
    "ci_low": -0.013281552418885545,
    "ci_high": -0.0031210442115262808,
    "pvalue": 0.001554249975614329
  },
  "secondary": {
    "metric": "sum_gamerounds",
    "meanA": 52.45626398210291,
    "meanB": 51.29877552814966,
    "delta": -1.157488453953249,
    "ci_low_welch": -3.7197051164946453,
    "ci_high_welch": 1.4047282085881472,
    "boot_low": -4.037704995351779,
    "boot_high": 0.9539759784834797,
    "p_perm": 0.46970605878824234
  }
}